Date,Symbols,Close,High,Low,Open,Volume
2020-12-31,AMZN,3256.93,3282.9219,3241.2,3275.0,2957206
2020-12-31,GOOGL,1752.64,1757.5,1736.09,1737.27,1053479
2020-12-31,FB,273.16,277.09,269.81,272.0,12900408
2020-12-31,PFE,36.81,36.92,36.29,36.66,30796516
2020-12-31,MRNA,104.47,113.55,102.66,110.55,23369872
2020-12-31,BNTX,81.52,85.5,80.55,83.38,2607147
2020-12-30,AMZN,3285.85,3342.1,3282.47,3341.0,3209310
2020-12-30,GOOGL,1736.25,1767.76,1728.0,1765.0,1051308
2020-12-30,FB,271.87,278.08,271.71,277.95,11803795
2020-12-30,PFE,36.74,37.24,36.7,37.03,24889848
2020-12-30,MRNA,111.13,118.9408,108.8,118.4,23965535
2020-12-30,BNTX,83.94,90.89,83.0268,90.0,2941083
2020-12-29,AMZN,3322.0,3350.65,3281.223,3309.94,4872933
2020-12-29,GOOGL,1757.76,1788.47,1755.11,1787.23,986287
2020-12-29,FB,276.78,280.51,276.28,276.95,16382995
2020-12-29,PFE,37.05,37.2,36.79,36.9,23152070
2020-12-29,MRNA,114.39,116.25,106.88,107.7957,23718799
2020-12-29,BNTX,88.28,89.39,83.8525,84.45,3300440
2020-12-28,AMZN,3283.96,3304.0,3172.69,3194.0,5686787
2020-12-28,GOOGL,1773.96,1787.0,1741.82,1744.91,1382537
2020-12-28,FB,277.0,277.3,265.66,268.74,23299707
2020-12-28,PFE,36.82,37.58,36.68,37.36,26993685
2020-12-28,MRNA,111.4,122.88,111.05,120.04,31088166
2020-12-28,BNTX,88.11,95.4,87.07,95.0,4698872
2020-12-24,AMZN,3172.69,3202.0,3169.0,3193.9,1451917
2020-12-24,GOOGL,1734.16,1742.41,1724.35,1729.0,465638
2020-12-24,FB,267.4,270.4,266.2,268.875,6702033
2020-12-24,PFE,37.27,37.57,37.18,37.4,14790136
2020-12-24,MRNA,123.39,129.7,122.7201,125.94,12720588
2020-12-24,BNTX,96.96,99.89,96.64,98.5,1039109
2020-12-23,AMZN,3185.27,3210.13,3184.17,3205.0,2093787
2020-12-23,GOOGL,1728.23,1744.11,1721.2,1723.93,1148684
2020-12-23,FB,268.11,272.1699,266.23,266.89,14329038
2020-12-23,PFE,37.44,37.65,36.88,37.01,36181989
2020-12-23,MRNA,130.34,132.0,115.0,120.05,41905043
2020-12-23,BNTX,100.06,100.5,95.0,97.12,3413982
2020-12-22,AMZN,3206.52,3222.0,3180.08,3202.8434,2381781
2020-12-22,GOOGL,1720.22,1732.6123,1705.78,1729.33,1018829
2020-12-22,FB,267.09,271.5,264.63,271.5,17334999
2020-12-22,PFE,36.74,37.33,36.605,37.21,34103903
2020-12-22,MRNA,125.88,141.4,123.0,139.0,36126942
2020-12-22,BNTX,100.56,107.21,95.6,107.07,5032319
2020-12-21,AMZN,3206.18,3226.9666,3166.0,3200.01,3836846
2020-12-21,GOOGL,1734.56,1737.0,1694.0,1709.13,1698707
2020-12-21,FB,272.79,274.67,267.79,272.978,16553740
2020-12-21,PFE,37.38,37.4,36.91,37.28,40891838
2020-12-21,MRNA,138.3,147.26,137.79,140.84,23921047
2020-12-21,BNTX,106.46,107.97,104.57,107.51,2611030
2020-12-18,AMZN,3201.65,3249.42,3171.6,3243.99,5995713
2020-12-18,GOOGL,1726.22,1748.36,1715.0,1746.1702,4262837
2020-12-18,FB,276.4,278.0,271.14,275.775,26693249
2020-12-18,PFE,37.68,38.09,37.5,37.99,60259175
2020-12-18,MRNA,140.23,145.0,135.06,141.51,33157833
2020-12-18,BNTX,104.24,106.77,102.57,106.46,3108164
2020-12-17,AMZN,3236.08,3263.51,3221.0,3250.0,3474347
2020-12-17,GOOGL,1740.51,1766.71,1731.15,1763.93,1744005
2020-12-17,FB,274.48,280.44,273.61,277.07,16377844
2020-12-17,PFE,38.03,38.12,37.31,37.83,52036392
2020-12-17,MRNA,144.0,146.97,137.3,137.92,32404457
2020-12-17,BNTX,106.43,107.59,101.6201,102.6352,3487843
2020-12-16,AMZN,3240.96,3247.0,3163.68,3176.01,4427616
2020-12-16,GOOGL,1757.19,1769.11,1749.06,1769.11,1233836
2020-12-16,FB,275.67,277.86,272.51,274.76,15884999
2020-12-16,PFE,37.84,38.47,37.74,38.18,56515268
2020-12-16,MRNA,137.03,141.334,134.31,137.75,28476275
2020-12-16,BNTX,105.78,112.85,102.33,112.22,4802616
2020-12-15,AMZN,3165.12,3188.4999,3130.49,3181.01,3323686
2020-12-15,GOOGL,1761.08,1764.0,1741.67,1759.86,1068292
2020-12-15,FB,275.55,276.08,267.47,274.83,23979461
2020-12-15,PFE,38.71,39.18,38.21,39.06,66003269
2020-12-15,MRNA,147.22,157.28,142.46,157.0,36451258
2020-12-15,BNTX,111.2,116.26,108.33,114.21,5711848
2020-12-14,AMZN,3156.97,3190.47,3126.0,3143.0,4155794
2020-12-14,GOOGL,1752.26,1789.8,1749.13,1770.72,1652471
2020-12-14,FB,274.19,277.22,271.56,273.3722,16376880
2020-12-14,PFE,39.21,41.66,39.07,41.62,94809746
2020-12-14,MRNA,155.07,163.7611,152.5606,163.4,22467742
2020-12-14,BNTX,108.27,127.0,105.25,126.6286,10907926
2020-12-11,AMZN,3116.42,3118.67,3072.82,3096.66,3064695
2020-12-11,GOOGL,1774.8,1777.31,1752.74,1760.0,931431
2020-12-11,FB,273.55,276.48,270.25,274.53,14391401
2020-12-11,PFE,41.12,42.07,40.69,41.97,60737026
2020-12-11,MRNA,156.93,163.75,155.89,159.7,22069857
2020-12-11,BNTX,127.3,131.0,124.6401,130.1,4303742
2020-12-10,AMZN,3101.49,3142.1,3076.0,3088.99,3030179
2020-12-10,GOOGL,1767.65,1774.99,1733.527,1762.6,1434411
2020-12-10,FB,277.12,278.73,271.86,275.535,20065091
2020-12-10,PFE,41.73,42.22,41.445,41.82,57733315
2020-12-10,MRNA,155.69,159.5,148.0101,151.13,22058018
2020-12-10,BNTX,129.54,129.95,123.2001,123.82,5381039
2020-12-09,AMZN,3104.2,3174.43,3088.0,3167.89,4096259
2020-12-09,GOOGL,1777.86,1828.37,1762.0001,1810.36,1585578
2020-12-09,FB,277.92,287.63,271.75,283.66,25160530
2020-12-09,PFE,41.85,43.0797,41.13,43.07,85874360
2020-12-09,MRNA,156.59,170.8,147.2,170.2,40885105
2020-12-09,BNTX,122.81,129.05,116.58,128.99,5249580
2020-12-08,AMZN,3177.29,3184.13,3120.02,3158.9,3279049
2020-12-08,GOOGL,1811.33,1815.97,1791.28,1808.52,996317
2020-12-08,FB,283.4,286.4272,281.55,286.01,10731946
2020-12-08,PFE,42.56,42.77,41.35,41.4,86650116
2020-12-08,MRNA,169.86,170.51,164.3,165.75,27681444
2020-12-08,BNTX,128.11,129.8998,126.5,127.0,4580061
2020-12-07,AMZN,3158.0,3180.76,3141.69,3156.48,2745875
2020-12-07,GOOGL,1817.03,1829.29,1803.04,1815.55,1113877
2020-12-07,FB,285.58,288.49,278.2,279.19,12997268
2020-12-07,PFE,41.25,41.4,40.37,40.66,48006646
2020-12-07,MRNA,159.52,163.98,152.97,155.03,31325939
2020-12-07,BNTX,125.7,126.38,121.0,121.0,4912459
2020-12-04,AMZN,3162.58,3198.21,3158.76,3162.58,2913611
2020-12-04,GOOGL,1823.76,1829.4994,1813.59,1820.22,1027242
2020-12-04,FB,279.7,283.46,279.3,280.3,10880299
2020-12-04,PFE,40.34,40.45,39.89,39.89,35368133
2020-12-04,MRNA,152.52,157.82,148.51,157.59,27704832
2020-12-04,BNTX,120.0,120.75,114.42,117.8419,3142595
2020-12-03,AMZN,3186.73,3228.64,3181.31,3205.46,2892039
2020-12-03,GOOGL,1821.84,1843.83,1817.0,1820.54,1236366
2020-12-03,FB,281.85,286.65,281.07,286.25,12921694
2020-12-03,PFE,40.09,41.03,39.52,40.98,68570055
2020-12-03,MRNA,157.26,159.11,143.0101,143.5,38656507
2020-12-03,BNTX,118.68,121.8,115.0,119.85,4264644
2020-12-02,AMZN,3203.53,3232.0,3173.2601,3221.65,3129304
2020-12-02,GOOGL,1824.97,1832.74,1785.1695,1795.36,1471235
2020-12-02,FB,287.52,291.78,280.825,285.36,17361624
2020-12-02,PFE,40.8,41.41,40.3,40.47,84347479
2020-12-02,MRNA,143.0,149.7999,128.1,138.63,51217334
2020-12-02,BNTX,121.09,123.59,116.43,120.85,7164716
2020-12-01,AMZN,3220.08,3248.95,3157.18,3188.5,4544382
2020-12-01,GOOGL,1795.36,1821.7199,1763.03,1766.655,1868134
2020-12-01,FB,286.55,289.3,278.96,279.16,20777906
2020-12-01,PFE,39.41,40.5,39.01,39.4,72660817
2020-12-01,MRNA,141.01,178.5,130.33,177.66,125552341
2020-12-01,BNTX,114.01,128.1299,108.0,124.5,9634549
2020-11-30,AMZN,3168.04,3228.39,3125.55,3208.48,4063916
2020-11-30,GOOGL,1754.4,1780.335,1747.84,1775.65,1620887
2020-11-30,FB,276.97,277.7,271.01,276.03,16693336
2020-11-30,PFE,38.31,38.8,37.6,37.95,65425877
2020-11-30,MRNA,152.74,153.8699,141.05,144.0,73203064
2020-11-30,BNTX,124.24,124.91,113.5,113.64,9934807
2020-11-27,AMZN,3195.34,3216.19,3190.05,3211.26,2392867
2020-11-27,GOOGL,1787.02,1797.01,1764.54,1764.54,739507
2020-11-27,FB,277.81,279.13,274.82,277.39,7808426
2020-11-27,PFE,37.23,37.26,36.75,36.78,25276957
2020-11-27,MRNA,127.03,130.06,114.86,115.12,43438495
2020-11-27,BNTX,109.99,111.2,106.1,106.44,3874562
2020-11-25,AMZN,3185.07,3198.0,3140.26,3141.87,3790403
2020-11-25,GOOGL,1764.13,1770.38,1748.36,1767.81,979957
2020-11-25,FB,275.59,280.18,272.65,278.14,12467009
2020-11-25,PFE,36.53,36.56,36.24,36.53,26955795
2020-11-25,MRNA,109.18,109.29,98.65,99.03,25850691
2020-11-25,BNTX,104.96,106.06,99.1,100.0,3007405
2020-11-24,AMZN,3118.06,3134.25,3086.258,3100.5,3602102
2020-11-24,GOOGL,1763.9,1766.475,1720.73,1727.5,1400306
2020-11-24,FB,276.92,277.8199,267.87,268.49,16930424
2020-11-24,PFE,36.6,36.74,36.02,36.13,42485263
2020-11-24,MRNA,98.56,99.89,93.54,98.4,12515336
2020-11-24,BNTX,101.87,103.43,97.5601,100.92,3864020
2020-11-23,AMZN,3098.39,3139.745,3065.46,3116.6986,4708887
2020-11-23,GOOGL,1727.56,1745.99,1710.18,1740.22,1127618
2020-11-23,FB,268.43,270.9471,264.53,270.89,20990786
2020-11-23,PFE,36.52,37.09,36.21,37.03,43673118
2020-11-23,MRNA,101.03,101.77,98.62,100.77,16359624
2020-11-23,BNTX,106.5,109.98,104.2,109.73,5194195
2020-11-20,AMZN,3099.4,3132.89,3098.0456,3117.02,3380138
2020-11-20,GOOGL,1736.38,1768.3625,1735.0,1762.0,1385322
2020-11-20,FB,269.7,273.0,269.41,272.56,18122412
2020-11-20,PFE,36.7,37.31,36.44,36.7,60633847
2020-11-20,MRNA,97.61,98.43,94.82,95.0,15306303
2020-11-20,BNTX,104.07,105.33,99.05,100.0,6776843
2020-11-19,AMZN,3117.02,3125.0,3080.92,3105.31,3010270
2020-11-19,GOOGL,1758.57,1763.49,1730.02,1733.23,1005340
2020-11-19,FB,272.94,273.47,269.19,271.025,12963658
2020-11-19,PFE,36.19,36.63,35.86,36.6,43261829
2020-11-19,MRNA,92.77,94.65,89.5114,90.0,16002015
2020-11-19,BNTX,94.93,95.09,91.29,91.6,3400119
2020-11-18,AMZN,3105.46,3140.0,3105.1,3134.0,2916836
2020-11-18,GOOGL,1740.64,1765.0,1738.5658,1756.64,1005377
2020-11-18,FB,271.97,277.3889,271.84,274.52,12152945
2020-11-18,PFE,36.32,37.42,36.3,36.93,63442680
2020-11-18,MRNA,88.89,94.0,88.6103,93.87,21823450
2020-11-18,BNTX,90.44,92.46,88.26,90.8,5772603
2020-11-17,AMZN,3135.66,3189.25,3135.26,3183.5445,3444735
2020-11-17,GOOGL,1761.66,1777.14,1759.49,1767.86,1066034
2020-11-17,FB,275.0,277.68,273.29,277.68,15040297
2020-11-17,PFE,36.04,36.5,35.82,36.4888,46984500
2020-11-17,MRNA,93.15,97.8,91.6,97.23,26171963
2020-11-17,BNTX,86.93,92.0,86.65,89.0,4057352
2020-11-16,AMZN,3131.06,3142.7,3072.685,3093.2,3808676
2020-11-16,GOOGL,1774.03,1794.34,1761.33,1764.14,1273393
2020-11-16,FB,278.96,279.41,274.63,275.05,12970352
2020-11-16,PFE,37.33,37.95,36.85,37.86,71660458
2020-11-16,MRNA,97.95,103.2,93.3,100.31,70853055
2020-11-16,BNTX,91.52,97.0,87.07,96.64,11171585
2020-11-13,AMZN,3128.81,3141.7227,3085.39,3122.0,3762587
2020-11-13,GOOGL,1772.26,1777.13,1735.98,1748.0,1487877
2020-11-13,FB,276.95,277.76,273.1,277.72,10400101
2020-11-13,PFE,38.62,38.655,37.705,37.87,38254927
2020-11-13,MRNA,89.39,90.53,85.22,86.62,14176721
2020-11-13,BNTX,106.0,108.2,103.37,104.12,3009657
2020-11-12,AMZN,3110.28,3175.88,3086.05,3159.95,4371208
2020-11-12,GOOGL,1742.82,1764.98,1737.97,1742.0,1324363
2020-11-12,FB,275.08,279.75,274.43,277.18,12914206
2020-11-12,PFE,37.55,38.34,37.24,38.28,44422022
2020-11-12,MRNA,87.81,87.93,83.83,85.18,21750394
2020-11-12,BNTX,101.63,107.1287,100.5,106.81,3604300
2020-11-11,AMZN,3137.39,3139.145,3050.0,3061.78,4366923
2020-11-11,GOOGL,1747.23,1762.9,1743.06,1748.4,1591906
2020-11-11,FB,276.48,278.4,272.48,273.47,14956950
2020-11-11,PFE,38.5,40.2,37.9,38.88,55959195
2020-11-11,MRNA,82.44,83.98,76.13,77.05,18576496
2020-11-11,BNTX,109.45,112.5,108.6127,112.0,3274124
2020-11-10,AMZN,3035.02,3114.0,3019.4828,3095.02,6590956
2020-11-10,GOOGL,1737.72,1759.38,1716.12,1729.77,2151058
2020-11-10,FB,272.43,274.0,264.0,273.1,29067691
2020-11-10,PFE,38.68,40.54,38.46,40.45,75988336
2020-11-10,MRNA,76.05,80.38,73.52,80.0,10499395
2020-11-10,BNTX,112.76,113.4,106.2,110.0,8029139
2020-11-09,AMZN,3143.74,3289.0,3112.1057,3231.03,7190406
2020-11-09,GOOGL,1761.42,1816.89,1757.545,1795.98,2672024
2020-11-09,FB,278.77,292.58,278.53,289.87,25117650
2020-11-09,PFE,39.2,41.99,38.38,41.86,218362348
2020-11-09,MRNA,77.74,80.25,75.42,77.75,20266813
2020-11-09,BNTX,104.8,115.0,98.51,114.02,14614871
2020-11-06,AMZN,3311.37,3322.0,3232.0,3304.64,4647330
2020-11-06,GOOGL,1759.73,1768.495,1736.68,1751.34,1431084
2020-11-06,FB,293.41,294.6,288.06,293.95,13890974
2020-11-06,PFE,36.4,36.72,36.09,36.39,22647720
2020-11-06,MRNA,72.45,74.16,70.87,71.42,5841047
2020-11-06,BNTX,92.0,92.2,90.33,92.0,861330
2020-11-05,AMZN,3322.0,3366.8,3288.88,3319.97,5789285
2020-11-05,GOOGL,1762.5,1791.818,1741.03,1770.45,1987907
2020-11-05,FB,294.68,297.38,288.95,291.8965,23823633
2020-11-05,PFE,36.39,37.3,36.39,37.25,32188804
2020-11-05,MRNA,71.48,71.59,70.16,71.09,4449850
2020-11-05,BNTX,92.0,92.84,89.67,91.33,1459849
2020-11-04,AMZN,3241.16,3244.85,3139.73,3159.99,6839041
2020-11-04,GOOGL,1745.85,1770.03,1703.0,1705.5803,3567149
2020-11-04,FB,287.38,288.94,278.62,281.0,35364424
2020-11-04,PFE,36.95,37.732,36.584,36.683,39175391
2020-11-04,MRNA,69.81,71.55,68.9188,68.97,5442067
2020-11-04,BNTX,90.69,91.1294,86.51,86.51,1701506
2020-11-03,AMZN,3048.41,3074.9,2980.98,3018.53,4897880
2020-11-03,GOOGL,1645.66,1659.0,1612.108,1630.76,1571641
2020-11-03,FB,265.3,270.05,260.88,263.16,17961859
2020-11-03,PFE,35.821999999999996,36.247,35.713,36.059,20739192
2020-11-03,MRNA,69.08,69.25,66.59,66.75,4366928
2020-11-03,BNTX,87.22,88.2,84.85,84.91,1082581
2020-11-02,AMZN,3004.48,3079.705,2950.12,3061.74,7257350
2020-11-02,GOOGL,1624.32,1658.24,1614.24,1623.54,2211449
2020-11-02,FB,261.36,270.47,257.34,264.6,27165679
2020-11-02,PFE,35.861,35.881,35.178000000000004,35.564,20541775
2020-11-02,MRNA,67.11,68.6,66.55,68.02,4650268
2020-11-02,BNTX,87.1,88.0,83.18,87.9044,2139891
2020-10-30,AMZN,3036.15,3167.0040000000004,3019.0,3157.75,8396081
2020-10-30,GOOGL,1616.11,1681.315,1601.57,1667.44,4996197
2020-10-30,FB,263.11,276.7,259.1,274.5,47299002
2020-10-30,PFE,35.119,35.173,34.485,34.881,24585042
2020-10-30,MRNA,67.47,71.49,66.85,70.8,7085797
2020-10-30,BNTX,85.36,88.5,83.05,87.01,2258283
2020-10-29,AMZN,3211.01,3257.25,3164.0,3201.27,6596529
2020-10-29,GOOGL,1556.88,1588.735,1516.55,1517.02,2770343
2020-10-29,FB,280.83,283.6,273.78,276.55,32368118
2020-10-29,PFE,34.921,35.277,34.248000000000005,35.119,26402871
2020-10-29,MRNA,71.28,74.539,66.23,68.35,13776433
2020-10-29,BNTX,84.81,85.7701,79.22,81.49,2512014
2020-10-28,AMZN,3162.78,3264.02,3162.47,3249.3,5588330
2020-10-28,GOOGL,1510.8,1553.81,1508.48,1550.01,2258675
2020-10-28,FB,267.67,278.79,267.26,278.79,23121808
2020-10-28,PFE,35.089,36.751999999999995,34.96,36.425,32453224
2020-10-28,MRNA,65.74,69.47,65.4899,68.95,6043991
2020-10-28,BNTX,77.54,80.74,75.345,79.89,2566120
2020-10-27,AMZN,3286.33,3291.66,3211.3,3224.94,4291047
2020-10-27,GOOGL,1598.88,1602.0,1576.99,1588.9319,1295138
2020-10-27,FB,283.29,284.51,276.31,278.76,16287249
2020-10-27,PFE,37.049,37.732,36.495,36.663000000000004,35323099
2020-10-27,MRNA,70.67,71.35,68.81,70.45,3812879
2020-10-27,BNTX,83.95,84.055,80.5102,83.0,2222134
2020-10-26,AMZN,3207.04,3282.9799,3153.3,3198.74,5901151
2020-10-26,GOOGL,1584.29,1629.58,1567.78,1615.0,1791317
2020-10-26,FB,277.11,285.23,274.26,283.16,21322925
2020-10-26,PFE,37.534,37.633,37.098,37.485,32381934
2020-10-26,MRNA,70.24,71.32,68.7,70.36,3872799
2020-10-26,BNTX,82.93,89.84,80.35,88.22,2879921
2020-10-23,AMZN,3204.4,3205.33,3140.0,3191.0,3466687
2020-10-23,GOOGL,1632.98,1634.12,1611.91,1615.05,1527402
2020-10-23,FB,284.79,285.24,276.82,278.8024,17535155
2020-10-23,PFE,37.791,37.895,37.264,37.544000000000004,29290487
2020-10-23,MRNA,70.53,72.3997,68.8,72.3,3735087
2020-10-23,BNTX,88.69,89.99,87.06,89.6045,2079717
2020-10-22,AMZN,3176.4,3198.75,3121.94,3189.87,4212005
2020-10-22,GOOGL,1606.66,1613.42,1577.48,1585.0,1525773
2020-10-22,FB,278.12,282.45,275.04,279.87,16720026
2020-10-22,PFE,37.049,37.188,36.653,36.703,18445482
2020-10-22,MRNA,70.84,72.53,68.4,68.5035,5212065
2020-10-22,BNTX,86.36,90.12,85.4171,88.99,2205906
2020-10-21,AMZN,3184.94,3233.875,3160.0,3212.5,4592736
2020-10-21,GOOGL,1585.99,1615.14,1567.135,1569.85,3016053
2020-10-21,FB,278.73,283.05,276.37,279.56,28998638
2020-10-21,PFE,36.703,37.069,36.683,36.975,18197488
2020-10-21,MRNA,68.37,71.5784,68.06,71.57,4614813
2020-10-21,BNTX,87.72,92.94,85.67,92.75,3384553
2020-10-20,AMZN,3217.01,3266.0,3192.01,3222.28,4509678
2020-10-20,GOOGL,1551.08,1573.84,1520.5,1523.11,2085915
2020-10-20,FB,267.56,269.7,262.88,263.06,18763246
2020-10-20,PFE,37.108000000000004,37.504,36.97,37.485,21456424
2020-10-20,MRNA,71.25,73.1,70.65,72.07,5441299
2020-10-20,BNTX,94.35,96.1167,91.6107,93.92,1872146
2020-10-19,AMZN,3207.21,3329.0,3192.735,3299.61,5223626
2020-10-19,GOOGL,1529.95,1583.925,1522.92,1575.93,1486652
2020-10-19,FB,261.4,268.55,259.88,265.53,13586955
2020-10-19,PFE,37.415,38.452,37.257,38.029,30606931
2020-10-19,MRNA,70.96,74.09,70.5,73.97,6931283
2020-10-19,BNTX,93.92,97.29,92.24,96.23,2800200
2020-10-16,AMZN,3272.71,3399.6606,3160.0,3363.23,6474353
2020-10-16,GOOGL,1567.7,1577.71,1557.66,1561.83,1710325
2020-10-16,FB,265.93,271.37,265.3,267.375,16622702
2020-10-16,PFE,37.564,37.732,36.643,36.693000000000005,41210271
2020-10-16,MRNA,73.94,76.93,73.665,76.06,4693584
2020-10-16,BNTX,94.09,94.15,91.55,93.6,2792475
2020-10-15,AMZN,3338.65,3355.88,3280.0,3292.01,5223448
2020-10-15,GOOGL,1555.47,1571.395,1541.1301,1544.5,1561485
2020-10-15,FB,266.72,269.04,263.67,267.6,15416064
2020-10-15,PFE,36.178000000000004,36.366,36.039,36.257,15429572
2020-10-15,MRNA,75.58,76.49,73.7101,75.48,5014595
2020-10-15,BNTX,90.38,90.419,85.5,85.65,2033226
2020-10-14,AMZN,3363.71,3464.88,3340.0,3447.0,5828916
2020-10-14,GOOGL,1563.44,1583.85,1545.895,1573.31,1659228
2020-10-14,FB,271.82,278.75,271.5,277.62,15601154
2020-10-14,PFE,36.485,36.92,36.198,36.633,21207003
2020-10-14,MRNA,76.56,80.01,76.3252,80.01,6643833
2020-10-14,BNTX,86.86,95.44,85.05,95.419,4198008
2020-10-13,AMZN,3443.63,3492.38,3424.217,3467.99,5744697
2020-10-13,GOOGL,1567.07,1585.16,1558.63,1577.01,1953609
2020-10-13,FB,276.14,279.1,273.39,277.58,18063343
2020-10-13,PFE,36.524,36.747,36.257,36.297,20649665
2020-10-13,MRNA,78.29,81.37,75.52,75.93,13669187
2020-10-13,BNTX,93.0,94.0162,89.56,90.08,2527487
2020-10-12,AMZN,3442.93,3496.24,3339.55,3349.94,8364198
2020-10-12,GOOGL,1564.59,1588.42,1529.3,1538.0,2767164
2020-10-12,FB,275.75,280.18,267.87,270.2,31019256
2020-10-12,PFE,36.445,36.802,36.094,36.326,18608662
2020-10-12,MRNA,75.31,75.8514,72.92,73.61,7590764
2020-10-12,BNTX,88.74,91.9,87.6,91.0,2573113
2020-10-09,AMZN,3286.65,3288.99,3197.83,3210.0,4907871
2020-10-09,GOOGL,1510.45,1511.85,1487.0,1492.86,1648340
2020-10-09,FB,264.45,264.75,262.17,264.52,14107803
2020-10-09,PFE,36.415,36.74,36.218,36.455,22685807
2020-10-09,MRNA,73.0,73.67,72.39,73.42,4774015
2020-10-09,BNTX,89.04,90.0,87.5,88.98,1462528
2020-10-08,AMZN,3190.55,3233.2944,3174.99,3224.99,3174114
2020-10-08,GOOGL,1483.43,1488.0275,1465.45,1465.45,1303802
2020-10-08,FB,263.76,264.62,259.1488,259.75,16312762
2020-10-08,PFE,36.514,36.802,36.138000000000005,36.227,17116773
2020-10-08,MRNA,72.93,73.76,72.01,73.5,4023816
2020-10-08,BNTX,87.95,89.43,85.6,85.83,1826000
2020-10-07,AMZN,3195.69,3200.0,3132.385,3135.0,4309439
2020-10-07,GOOGL,1459.14,1468.97,1433.23,1459.31,1805448
2020-10-07,FB,258.12,260.18,254.82,259.21,23133417
2020-10-07,PFE,36.099000000000004,36.218,35.663000000000004,35.891,21240927
2020-10-07,MRNA,72.37,73.24,70.959,71.23,4190611
2020-10-07,BNTX,86.23,86.44,80.7,83.32,2354681
2020-10-06,AMZN,3099.96,3182.0,3090.0,3165.0,5086857
2020-10-06,GOOGL,1451.02,1484.52,1445.01,1475.5,1304752
2020-10-06,FB,258.66,265.69,258.24,261.78,18696917
2020-10-06,PFE,35.802,36.653,35.723,36.623000000000005,24186841
2020-10-06,MRNA,71.04,73.92,70.31,72.0,7285512
2020-10-06,BNTX,85.59,88.3,83.52,86.84,5702111
2020-10-05,AMZN,3199.2,3202.53,3140.85,3145.84,3775332
2020-10-05,GOOGL,1482.83,1484.7,1460.09,1462.65,1080058
2020-10-05,FB,264.65,264.865,260.8401,262.2,12822252
2020-10-05,PFE,36.376,36.505,35.97,36.158,18595396
2020-10-05,MRNA,71.95,72.02,69.05,69.64,6518121
2020-10-05,BNTX,80.7,81.56,75.65,75.7,3750552
2020-10-02,AMZN,3125.0,3195.7965,3123.0,3153.63,5613098
2020-10-02,GOOGL,1455.6,1479.03,1447.35,1459.63,1561132
2020-10-02,FB,259.94,265.15,259.18,261.21,16367597
2020-10-02,PFE,36.01,36.287,35.663000000000004,35.693000000000005,20571573
2020-10-02,MRNA,68.81,72.77,67.25,67.9,8004919
2020-10-02,BNTX,73.7,75.0,71.16,71.85,2327847
2020-10-01,AMZN,3221.26,3224.0,3172.0,3208.0,4971922
2020-10-01,GOOGL,1487.9,1495.07,1476.8,1483.6608,1644221
2020-10-01,FB,266.63,268.33,264.8,265.35,20009801
2020-10-01,PFE,36.0,36.711999999999996,35.795,36.534,21586298
2020-10-01,MRNA,70.03,70.2,68.16,69.57,6838969
2020-10-01,BNTX,72.71,72.87,69.31,70.0,2371702
2020-09-30,AMZN,3148.73,3212.88,3133.99,3141.14,4896101
2020-09-30,GOOGL,1465.6,1486.1975,1455.755,1460.935,2046170
2020-09-30,FB,261.9,266.085,260.1,261.98,20142546
2020-09-30,PFE,36.326,36.583,35.881,35.900999999999996,21690709
2020-09-30,MRNA,70.75,75.39,70.16,72.51,15690706
2020-09-30,BNTX,69.23,69.47,67.0984,67.4,1746815
2020-09-29,AMZN,3144.88,3188.26,3132.54,3175.39,3503398
2020-09-29,GOOGL,1466.02,1472.0,1454.0,1463.91,1591112
2020-09-29,FB,261.79,263.33,256.9,257.81,20215504
2020-09-29,PFE,35.802,36.168,35.668,36.059,12969632
2020-09-29,MRNA,70.52,71.34,69.5851,70.46,6294318
2020-09-29,BNTX,66.86,67.1087,65.76,66.6,854092
2020-09-28,AMZN,3174.05,3175.04,3117.1684,3148.85,4224165
2020-09-28,GOOGL,1458.66,1472.99,1446.28,1471.99,1539236
2020-09-28,FB,256.82,259.6,254.8208,259.4,18826254
2020-09-28,PFE,36.02,36.203,35.792,35.792,14420306
2020-09-28,MRNA,70.55,71.5,69.1,69.59,7337397
2020-09-28,BNTX,66.5,67.8,65.72,66.99,1750004
2020-09-25,AMZN,3095.13,3101.54,2999.0,3054.86,4615202
2020-09-25,GOOGL,1439.06,1445.94,1407.68,1425.05,1516677
2020-09-25,FB,254.82,255.75,246.61,249.4,18351311
2020-09-25,PFE,35.683,35.782,35.158,35.178000000000004,13769795
2020-09-25,MRNA,69.47,69.73,65.67,65.8865,9190629
2020-09-25,BNTX,66.69,66.8711,61.27,61.27,1670486
2020-09-24,AMZN,3019.79,3069.3,2965.0,2977.79,5529392
2020-09-24,GOOGL,1422.86,1437.99,1402.15,1402.68,1727611
2020-09-24,FB,249.53,252.24,245.62,246.5,20006750
2020-09-24,PFE,35.396,35.673,35.178000000000004,35.584,19994694
2020-09-24,MRNA,65.17,66.77,63.64,65.5,5565191
2020-09-24,BNTX,62.83,63.93,58.81,62.62,2863427
2020-09-23,AMZN,2999.86,3126.9990000000003,2992.3759,3120.43,5652665
2020-09-23,GOOGL,1409.39,1453.08,1402.68,1452.09,1886299
2020-09-23,FB,249.02,257.9921,248.15,255.26,19641266
2020-09-23,PFE,35.634,36.008,35.599000000000004,35.97,22144301
2020-09-23,MRNA,67.16,68.62,65.77,67.865,6919352
2020-09-23,BNTX,63.83,67.28,63.6861,67.25,1677999
2020-09-22,AMZN,3128.99,3133.99,3000.2,3033.835,6948816
2020-09-22,GOOGL,1459.82,1463.97,1429.495,1450.32,1697542
2020-09-22,FB,254.75,255.32,248.22,253.31,30293103
2020-09-22,PFE,35.881,35.96,35.376,35.445,21784617
2020-09-22,MRNA,68.72,69.19,66.67,67.5,6303612
2020-09-22,BNTX,67.05,67.7573,63.61,65.38,1572284
2020-09-21,AMZN,2960.47,2962.0,2871.0,2906.5,6117925
2020-09-21,GOOGL,1430.14,1440.06,1402.68,1431.62,2845405
2020-09-21,FB,248.15,249.95,244.13,247.54,24709378
2020-09-21,PFE,35.653,36.109,35.015,36.0,25505288
2020-09-21,MRNA,69.26,69.48,65.46,68.6,8223034
2020-09-21,BNTX,66.12,66.2,62.3,65.56,2118737
2020-09-18,AMZN,2954.91,3037.8,2905.54,3031.74,8892580
2020-09-18,GOOGL,1451.09,1495.2,1431.62,1488.3,3152788
2020-09-18,FB,252.53,259.2,250.05,258.405,28130767
2020-09-18,PFE,36.257,36.693000000000005,36.198,36.406,30380080
2020-09-18,MRNA,69.87,70.0,66.1,68.28,13206193
2020-09-18,BNTX,67.0,68.44,65.17,68.01,2608880
2020-09-17,AMZN,3008.73,3029.4320000000002,2972.55,3009.25,6449050
2020-09-17,GOOGL,1487.04,1498.66,1462.46,1485.81,2000356
2020-09-17,FB,254.82,261.5,250.19,258.28,31281441
2020-09-17,PFE,36.445,36.594,36.178000000000004,36.406,17152206
2020-09-17,MRNA,67.89,70.9,64.6,68.5,13275199
2020-09-17,BNTX,66.78,68.71,65.15,66.82,2860010
2020-09-16,AMZN,3078.1,3187.238,3074.15,3179.99,4531189
2020-09-16,GOOGL,1512.09,1554.37,1511.59,1542.48,1107169
2020-09-16,FB,263.52,272.44,261.79,267.29,29207594
2020-09-16,PFE,36.406,36.93,36.346,36.900999999999996,21323010
2020-09-16,MRNA,68.84,70.04,66.73,67.64,11398006
2020-09-16,BNTX,66.04,67.29,65.4078,65.51,2237787
2020-09-15,AMZN,3156.13,3175.02,3108.92,3136.16,4021535
2020-09-15,GOOGL,1535.12,1550.99,1522.1,1527.89,1152055
2020-09-15,FB,272.42,274.52,269.3,270.67,18478530
2020-09-15,PFE,36.584,36.97,36.435,36.811,21091128
2020-09-15,MRNA,66.88,68.41,64.2293,65.0274,9101184
2020-09-15,BNTX,66.92,70.0,66.15,70.0,3168285
2020-09-14,AMZN,3102.97,3187.39,3096.0,3172.9372,4529596
2020-09-14,GOOGL,1508.83,1557.0,1505.11,1531.6471,2133007
2020-09-14,FB,266.15,276.64,265.7,270.95,24093830
2020-09-14,PFE,36.633,37.156,35.911,35.99,28339316
2020-09-14,MRNA,63.67,63.85,60.115,60.15,8930779
2020-09-14,BNTX,67.48,69.65,66.77,67.5,3373555
2020-09-11,AMZN,3116.22,3217.3409,3083.98,3208.69,5093982
2020-09-11,GOOGL,1515.76,1538.695,1493.02,1528.15,1535337
2020-09-11,FB,266.61,271.39,262.64,270.06,18913883
2020-09-11,PFE,35.703,35.742,35.089,35.376,23109312
2020-09-11,MRNA,59.34,59.51,57.45,58.49,4821869
2020-09-11,BNTX,65.13,65.28,61.05,61.4521,2515244
2020-09-10,AMZN,3175.11,3349.89,3170.55,3307.2188,5330741
2020-09-10,GOOGL,1526.05,1573.66,1520.0,1550.18,1651194
2020-09-10,FB,268.09,279.16,267.0319,275.51,24814669
2020-09-10,PFE,35.287,35.95,35.221,35.832,20752710
2020-09-10,MRNA,57.56,60.32,56.87,57.0408,7985321
2020-09-10,BNTX,61.2,62.28,60.5,62.0,1751775
2020-09-09,AMZN,3268.61,3303.175,3185.0,3202.99,5188675
2020-09-09,GOOGL,1547.23,1558.72,1525.17,1548.9,1962078
2020-09-09,FB,273.72,278.48,271.35,275.77,22918769
2020-09-09,PFE,35.812,36.277,35.772,35.921,26350346
2020-09-09,MRNA,56.9,57.19,54.51,56.03,9355441
2020-09-09,BNTX,62.32,63.38,60.6,63.0,3406940
2020-09-08,AMZN,3149.84,3250.845,3130.0,3144.0,6094205
2020-09-08,GOOGL,1523.6,1555.55,1516.5,1525.0,2701586
2020-09-08,FB,271.16,279.3,269.42,271.28,24863997
2020-09-08,PFE,35.564,36.236999999999995,35.317,36.158,25627829
2020-09-08,MRNA,54.34,58.6,54.21,57.75,17706208
2020-09-08,BNTX,59.83,61.0,58.69,60.16,2887809
2020-09-04,AMZN,3294.62,3381.5,3111.13,3318.0,8781754
2020-09-04,GOOGL,1581.21,1634.99,1537.9701,1609.0,2792533
2020-09-04,FB,282.73,289.0,271.14,287.25,30333671
2020-09-04,PFE,35.99,36.257,35.505,36.119,25757683
2020-09-04,MRNA,62.6,65.0,59.01,64.99,11653287
2020-09-04,BNTX,58.57,59.96,54.1,59.28,1985494
2020-09-03,AMZN,3368.0,3488.41,3303.0,3485.0,8161113
2020-09-03,GOOGL,1629.51,1700.0,1607.71,1699.52,3186287
2020-09-03,FB,291.12,297.6,283.63,295.99,32294092
2020-09-03,PFE,36.029,37.108000000000004,35.733000000000004,36.99,34465423
2020-09-03,MRNA,64.84,69.35,64.3,65.65,14307317
2020-09-03,BNTX,59.28,63.67,57.1,63.45,2585983
2020-09-02,AMZN,3531.45,3552.25,3486.685,3547.0,3931476
2020-09-02,GOOGL,1717.39,1726.1022,1660.19,1668.01,2476072
2020-09-02,FB,302.5,303.6,293.05,298.88,24341369
2020-09-02,PFE,36.821,36.92,36.029,36.396,27863071
2020-09-02,MRNA,64.72,64.89,61.3805,62.84,9874614
2020-09-02,BNTX,61.99,63.29,54.96,56.01,3892797
2020-09-01,AMZN,3499.12,3513.87,3467.0,3489.58,3476407
2020-09-01,GOOGL,1655.08,1659.22,1629.53,1632.16,1133766
2020-09-01,FB,295.44,301.49,292.71,294.71,17320872
2020-09-01,PFE,36.505,37.435,36.138000000000005,37.405,34661589
2020-09-01,MRNA,63.32,64.5,62.5,63.54,8200671
2020-09-01,BNTX,57.81,60.53,56.66,58.71,3575538
2020-08-31,AMZN,3450.96,3495.0,3405.0,3408.99,4185885
2020-08-31,GOOGL,1629.53,1644.5,1625.33,1643.57,1321097
2020-08-31,FB,293.2,296.88,291.55,293.95,17345134
2020-08-31,PFE,37.405,37.633,37.118,37.455,28786830
2020-08-31,MRNA,64.89,67.2,62.54,67.14,15271802
2020-08-31,BNTX,61.25,63.18,60.34,62.82,2217166
2020-08-28,AMZN,3401.8,3433.3699,3386.5,3423.0,2896978
2020-08-28,GOOGL,1639.43,1641.35,1625.605,1629.47,1121195
2020-08-28,FB,293.66,297.23,290.98,295.0,17172415
2020-08-28,PFE,37.524,37.673,37.019,37.485,31468836
2020-08-28,MRNA,67.49,68.95,67.15,68.04,6383705
2020-08-28,BNTX,64.0,65.5,63.32,65.04,1764738
2020-08-27,AMZN,3400.0,3453.0,3378.0,3450.05,4264795
2020-08-27,GOOGL,1628.52,1647.99,1618.8137,1646.61,1567503
2020-08-27,FB,293.22,301.23,292.02,300.16,30301309
2020-08-27,PFE,37.475,37.613,37.296,37.574,21237617
2020-08-27,MRNA,68.03,70.32,67.01,69.98,9262562
2020-08-27,BNTX,65.59,68.69,64.7901,68.2,1980527
2020-08-26,AMZN,3441.85,3451.7387,3344.5675,3351.11,6508743
2020-08-26,GOOGL,1644.13,1652.79,1600.9754,1606.3,2609363
2020-08-26,FB,303.91,304.67,284.0,284.0,69015151
2020-08-26,PFE,37.663000000000004,37.88,37.277,37.801,23084780
2020-08-26,MRNA,70.5,71.64,66.03,67.62,28768082
2020-08-26,BNTX,67.9,70.0,67.05,70.0,1711437
2020-08-25,AMZN,3346.49,3357.4,3267.0,3294.99,3992842
2020-08-25,GOOGL,1605.85,1608.88,1577.88,1580.1,1257463
2020-08-25,FB,280.82,283.09,270.2601,272.41,42127240
2020-08-25,PFE,38.019,38.167,37.564,38.118,25133654
2020-08-25,MRNA,66.25,66.696,63.55,64.32,7798501
2020-08-25,BNTX,70.49,70.5,68.21,70.07,1576204
2020-08-24,AMZN,3307.46,3380.315,3257.5608,3310.15,4666258
2020-08-24,GOOGL,1585.15,1608.78,1575.04,1592.47,1281893
2020-08-24,FB,271.39,277.2478,268.7701,271.07,23685603
2020-08-24,PFE,38.445,38.643,38.148,38.623000000000005,23974534
2020-08-24,MRNA,64.88,67.85,62.88,67.15,13143244
2020-08-24,BNTX,70.85,77.4,69.75,76.99,3393879
2020-08-21,AMZN,3284.72,3314.3962,3275.39,3295.0,3575862
2020-08-21,GOOGL,1575.57,1591.88,1562.31,1571.8,1742275
2020-08-21,FB,267.01,270.49,266.42,268.69,15538615
2020-08-21,PFE,38.484,38.603,38.177,38.514,24410870
2020-08-21,MRNA,66.45,68.02,65.6,67.5,6935608
2020-08-21,BNTX,73.02,76.28,70.34,71.77,6290399
2020-08-20,AMZN,3297.37,3312.62,3238.0,3252.0,3332478
2020-08-20,GOOGL,1576.25,1580.17,1534.46,1539.97,1319131
2020-08-20,FB,269.01,269.63,261.46,261.5,20299688
2020-08-20,PFE,38.326,38.395,37.742,37.791,21046788
2020-08-20,MRNA,67.81,68.0,66.63,67.79,6346700
2020-08-20,BNTX,66.27,70.29,64.08,66.0765,2932615
2020-08-19,AMZN,3260.48,3315.9,3256.0001,3303.01,4185137
2020-08-19,GOOGL,1544.61,1568.86,1540.0,1552.49,1523592
2020-08-19,FB,262.59,267.908,261.35,261.388,23291463
2020-08-19,PFE,37.871,38.213,37.732,38.088,15039271
2020-08-19,MRNA,68.0,69.17,66.6,66.74,8558809
2020-08-19,BNTX,65.6,67.48,65.01,67.42,2326648
2020-08-18,AMZN,3312.49,3320.0,3205.8187,3212.0,5345974
2020-08-18,GOOGL,1555.78,1557.37,1521.665,1526.12,1418850
2020-08-18,FB,262.34,265.15,259.26,260.95,18690383
2020-08-18,PFE,37.97,38.068000000000005,37.781,38.059,10396551
2020-08-18,MRNA,67.03,69.7,65.23,68.28,11329150
2020-08-18,BNTX,67.88,70.35,67.06,69.69,1905103
2020-08-17,AMZN,3182.41,3194.97,3154.1775,3173.12,2691237
2020-08-17,GOOGL,1516.24,1523.78,1505.0,1515.97,999934
2020-08-17,FB,261.16,264.0973,259.4,262.5,13351062
2020-08-17,PFE,37.96,38.019,37.559,37.653,16768642
2020-08-17,MRNA,69.76,70.78,68.38,69.14,8749112
2020-08-17,BNTX,70.26,71.3558,68.81,69.09,1947963
2020-08-14,AMZN,3148.02,3178.2357,3120.0,3178.18,2751723
2020-08-14,GOOGL,1504.63,1519.785,1499.0,1513.61,1097059
2020-08-14,FB,261.24,262.65,258.6801,262.305,14792708
2020-08-14,PFE,37.673,37.999,37.544000000000004,37.623000000000005,12366159
2020-08-14,MRNA,69.15,70.36,67.86,68.06,12799582
2020-08-14,BNTX,68.64,70.98,68.02,70.93,1862379
2020-08-13,AMZN,3161.02,3217.5211,3155.0,3182.99,3149043
2020-08-13,GOOGL,1516.65,1536.9744,1508.21,1508.21,1119711
2020-08-13,FB,261.3,265.16,259.57,261.55,17373970
2020-08-13,PFE,37.781,37.791,37.494,37.681999999999995,14703728
2020-08-13,MRNA,67.83,69.18,67.05,69.09,15055934
2020-08-13,BNTX,71.0,71.53,67.3038,68.25,2390942
2020-08-12,AMZN,3162.24,3174.385,3101.42,3108.0,3527229
2020-08-12,GOOGL,1507.24,1511.67,1485.0,1487.1245,1126560
2020-08-12,FB,259.89,263.8973,258.1125,258.97,21428329
2020-08-12,PFE,37.94,38.158,37.425,37.445,19137723
2020-08-12,MRNA,69.52,75.75,68.3,75.67,50471491
2020-08-12,BNTX,69.11,71.16,66.12,70.89,3253597
2020-08-11,AMZN,3080.67,3159.22,3073.0,3113.2,3718057
2020-08-11,GOOGL,1480.54,1510.44,1478.19,1494.0,1554853
2020-08-11,FB,256.13,265.915,255.13,260.185,28238283
2020-08-11,PFE,37.405,38.187,37.291,38.167,20442335
2020-08-11,MRNA,68.97,71.4,67.0,69.52,18118727
2020-08-11,BNTX,68.45,72.88,66.51,69.0,4032231
2020-08-10,AMZN,3148.16,3172.51,3101.52,3170.31,3167274
2020-08-10,GOOGL,1496.82,1507.15,1477.4901,1490.8,1027329
2020-08-10,FB,263.0,273.86,259.69,268.04,30248826
2020-08-10,PFE,37.999,38.266,37.871,38.158,19136535
2020-08-10,MRNA,72.01,75.0,71.41,74.27,8678274
2020-08-10,BNTX,73.95,77.2775,70.9,77.0,2830610
2020-08-07,AMZN,3167.46,3240.81,3140.6726,3224.01,3936127
2020-08-07,GOOGL,1498.37,1520.09,1486.27,1509.04,1386294
2020-08-07,FB,268.44,278.89,263.43,264.08,72766364
2020-08-07,PFE,38.059,38.222,37.772,37.91,22139265
2020-08-07,MRNA,74.1,75.39,73.01,74.38,8771437
2020-08-07,BNTX,77.0,78.54,74.03,77.09,3038220
2020-08-06,AMZN,3225.0,3247.47,3165.43,3194.36,3940602
2020-08-06,GOOGL,1504.95,1506.27,1471.9,1476.15,1665261
2020-08-06,FB,265.28,266.6,248.665,249.04,45241611
2020-08-06,PFE,37.88,38.702,37.763000000000005,38.375,20054296
2020-08-06,MRNA,73.76,76.25,73.12,75.79,11691503
2020-08-06,BNTX,77.08,80.26,76.58,79.29,3175182
2020-08-05,AMZN,3205.03,3213.5859,3127.3,3143.77,3930025
2020-08-05,GOOGL,1479.09,1490.0,1471.215,1476.82,1457518
2020-08-05,FB,249.12,252.2698,247.77,250.19,13088361
2020-08-05,PFE,38.059,38.138000000000005,37.742,38.078,23584307
2020-08-05,MRNA,75.8,77.49,73.69,77.49,19859902
2020-08-05,BNTX,81.3,83.2,76.845,82.82,4085523
2020-08-04,AMZN,3138.83,3167.24,3101.21,3101.21,4694294
2020-08-04,GOOGL,1473.3,1493.11,1464.03,1486.71,1860609
2020-08-04,FB,249.83,252.8,247.43,251.56,17183533
2020-08-04,PFE,37.999,38.286,37.702,37.92,28227144
2020-08-04,MRNA,78.46,78.62,75.5,78.192,10126500
2020-08-04,BNTX,83.17,84.5,81.08,84.44,2410338
2020-08-03,AMZN,3111.89,3184.0,3104.0,3180.51,5074663
2020-08-03,GOOGL,1482.76,1497.73,1471.72,1491.0,2276085
2020-08-03,FB,251.96,255.4,250.33,252.65,23134103
2020-08-03,PFE,37.96,38.266,37.826,38.217,29749167
2020-08-03,MRNA,77.98,77.99,73.03,74.98,13382327
2020-08-03,BNTX,85.47,85.48,81.84,82.99,2434416
2020-07-31,AMZN,3164.68,3246.82,3151.0,3244.0,8083369
2020-07-31,GOOGL,1487.95,1505.02,1454.0,1497.05,4576382
2020-07-31,FB,253.67,255.85,249.0,255.82,53030037
2020-07-31,PFE,38.088,38.356,37.475,38.275999999999996,27320803
2020-07-31,MRNA,74.1,78.44,73.6038,78.2,14223411
2020-07-31,BNTX,82.11,86.95,80.85,86.0,2642973
2020-07-30,AMZN,3051.88,3092.0,3005.0,3014.0,6128265
2020-07-30,GOOGL,1538.37,1540.89,1495.17,1497.97,1802121
2020-07-30,FB,234.5,234.893,229.0,230.22,20615306
2020-07-30,PFE,38.346,38.544000000000004,37.812,37.89,30935246
2020-07-30,MRNA,77.63,79.25,76.8,78.0,13101985
2020-07-30,BNTX,84.16,84.88,78.0,79.05,3302751
2020-07-29,AMZN,3033.53,3039.1592,2996.77,3030.99,2974060
2020-07-29,GOOGL,1523.51,1533.33,1503.01,1505.0,1133773
2020-07-29,FB,233.29,233.7,230.31,231.14,13588317
2020-07-29,PFE,38.484,38.67,37.69,38.524,35844597
2020-07-29,MRNA,79.51,82.82,76.5502,81.98,24453924
2020-07-29,BNTX,82.5,86.79,80.02,85.54,3846336
2020-07-28,AMZN,3000.33,3077.0926,2995.76,3054.27,3126651
2020-07-28,GOOGL,1503.65,1526.01,1500.52,1525.0,1545534
2020-07-28,FB,230.12,234.96,229.83,234.63,14170112
2020-07-28,PFE,38.249,38.556999999999995,37.308,37.778,54583218
2020-07-28,MRNA,81.49,83.85,79.5,81.0,32946885
2020-07-28,BNTX,85.38,90.4,84.1,89.0,5108614
2020-07-27,AMZN,3055.21,3098.0,3015.77,3062.0,4170492
2020-07-27,GOOGL,1529.43,1537.56,1512.33,1513.26,1356185
2020-07-27,FB,233.5,234.95,230.83,231.46,13163083
2020-07-27,PFE,36.799,37.004,36.495,36.621,26752861
2020-07-27,MRNA,79.91,80.98,76.16,80.63,44710713
2020-07-27,BNTX,86.53,88.2,81.7744,87.44,5129152
2020-07-24,AMZN,3008.91,3031.58,2888.0,2930.0,5632413
2020-07-24,GOOGL,1508.21,1515.4273,1487.59,1499.19,1495381
2020-07-24,FB,230.71,233.49,226.9,230.19,18325813
2020-07-24,PFE,36.915,37.396,36.588,37.279,32782980
2020-07-24,MRNA,73.21,73.9,66.54,69.05,27797477
2020-07-24,BNTX,84.17,86.7,80.34,86.3,7109730
2020-07-23,AMZN,2986.55,3098.2713,2970.0,3098.2713,5656906
2020-07-23,GOOGL,1516.75,1570.35,1508.59,1565.93,1695498
2020-07-23,FB,232.6,242.42,231.75,239.63,21771802
2020-07-23,PFE,37.650999999999996,38.641,37.425,38.455,57724680
2020-07-23,MRNA,75.33,82.68,72.2,82.05,29288088
2020-07-23,BNTX,88.51,101.15,87.0,97.5135,15899745
2020-07-22,AMZN,3099.91,3149.9999,3065.26,3125.0,4104225
2020-07-22,GOOGL,1564.85,1566.98,1543.23,1555.71,1224100
2020-07-22,FB,239.87,241.9,238.12,240.26,15427885
2020-07-22,PFE,37.798,37.965,36.779,37.475,87793174
2020-07-22,MRNA,83.225,84.12,79.11,79.61,27274018
2020-07-22,BNTX,104.17,104.99,93.65,99.19,13817768
2020-07-21,AMZN,3138.29,3240.5758,3105.72,3232.49,6134965
2020-07-21,GOOGL,1555.92,1587.05,1552.62,1585.03,1377718
2020-07-21,FB,241.75,246.91,240.08,246.22,19409687
2020-07-21,PFE,35.965,36.346,35.799,36.21,22887698
2020-07-21,MRNA,80.86,82.43,79.07,80.91,26185580
2020-07-21,BNTX,91.6,97.82,90.05,92.0,6034451
2020-07-20,AMZN,3196.84,3201.3599,2994.0172,3000.2,7598176
2020-07-20,GOOGL,1563.84,1569.01,1502.6961,1515.0,1508277
2020-07-20,FB,245.42,246.05,235.635,240.06,20872223
2020-07-20,PFE,35.779,36.876999999999995,35.602,36.749,35633585
2020-07-20,MRNA,82.68,90.85,78.05,87.86,78391296
2020-07-20,BNTX,88.2,96.0899,85.77,91.7465,7790762
2020-07-17,AMZN,2961.97,3024.0,2948.45,3009.0,4761319
2020-07-17,GOOGL,1516.85,1523.43,1498.1,1516.91,1713231
2020-07-17,FB,242.03,244.16,237.86,241.0,18152413
2020-07-17,PFE,35.534,35.611999999999995,35.019,35.150999999999996,22616280
2020-07-17,MRNA,94.85,95.21,82.61,83.35,103509162
2020-07-17,BNTX,85.25,86.4,76.42,76.54,5053511
2020-07-16,AMZN,2999.9,3032.0,2918.23,2971.06,6394246
2020-07-16,GOOGL,1514.92,1515.91,1488.27,1501.5,1324227
2020-07-16,FB,240.93,241.76,236.3306,238.0,18880705
2020-07-16,PFE,34.896,34.936,34.559,34.896,17830355
2020-07-16,MRNA,81.81,84.2899,79.6,80.1598,27277409
2020-07-16,BNTX,75.87,80.5,74.56,80.5,2847924
2020-07-15,AMZN,3008.87,3098.35,2973.1801,3080.23,5788874
2020-07-15,GOOGL,1516.88,1536.33,1497.83,1523.23,1551325
2020-07-15,FB,240.28,244.82,238.05,241.55,19133562
2020-07-15,PFE,35.014,35.289,34.769,35.279,25450240
2020-07-15,MRNA,80.22,88.37,78.01,87.52,90756071
2020-07-15,BNTX,78.0,87.58,76.8,86.08,3908683
2020-07-14,AMZN,3084.0,3127.38,2950.0,3089.0,7231933
2020-07-14,GOOGL,1520.86,1522.8,1485.925,1492.79,1905400
2020-07-14,FB,239.73,240.33,232.03,236.76,23378056
2020-07-14,PFE,34.534,34.72,34.19,34.671,31799264
2020-07-14,MRNA,75.04,76.9486,70.6201,74.0,38708760
2020-07-14,BNTX,83.88,85.0,78.0,82.57,4748726
2020-07-13,AMZN,3104.0,3344.29,3068.3901,3251.06,7720420
2020-07-13,GOOGL,1512.23,1576.36,1506.56,1549.94,2147728
2020-07-13,FB,239.0,250.15,238.42,247.005,24674874
2020-07-13,PFE,34.514,35.014,33.838,34.044000000000004,54752809
2020-07-13,MRNA,71.78,77.7499,63.8,63.89,56617291
2020-07-13,BNTX,77.78,84.89,75.75,78.47,8529557
2020-07-10,AMZN,3200.0,3215.0,3135.7,3191.76,5485982
2020-07-10,GOOGL,1539.01,1541.34,1500.72,1513.25,1796063
2020-07-10,FB,245.07,245.49,239.32,243.685,22982716
2020-07-10,PFE,33.162,33.368,32.823,32.995,23673736
2020-07-10,MRNA,62.61,64.93,62.32,64.65,7407545
2020-07-10,BNTX,70.36,71.2899,67.0,67.0,2874259
2020-07-09,AMZN,3182.63,3193.8799,3074.0016,3115.99,6388659
2020-07-09,GOOGL,1518.66,1529.1412,1495.59,1509.93,2091833
2020-07-09,FB,244.5,246.525,239.24,245.0,22174896
2020-07-09,PFE,32.799,33.21,32.446999999999996,33.064,19709914
2020-07-09,MRNA,64.97,65.35,58.88,62.09,20646142
2020-07-09,BNTX,65.61,68.0,64.51,66.61,1186732
2020-07-08,AMZN,3081.11,3083.97,3012.4301,3022.61,5037635
2020-07-08,GOOGL,1503.6,1511.17,1492.3,1500.8,1588292
2020-07-08,FB,243.58,246.99,236.59,238.11,29791339
2020-07-08,PFE,33.083,33.691,32.907,33.338,23477754
2020-07-08,MRNA,61.58,62.46,59.45,60.79,7590861
2020-07-08,BNTX,67.56,68.58,66.46,67.21,1449603
2020-07-07,AMZN,3000.12,3069.55,2990.0,3058.55,5257514
2020-07-07,GOOGL,1489.92,1521.32,1489.7,1496.13,2118194
2020-07-07,FB,240.86,247.65,238.82,239.41,27887786
2020-07-07,PFE,33.358000000000004,33.672,33.284,33.376999999999995,24340539
2020-07-07,MRNA,61.09,61.5,57.44,58.8,8904341
2020-07-07,BNTX,69.34,70.89,63.51,64.0,2264397
2020-07-06,AMZN,3057.04,3059.88,2930.0,2934.97,6880642
2020-07-06,GOOGL,1499.65,1510.0,1476.976,1488.15,2235630
2020-07-06,FB,240.28,240.4,232.27,233.76,26206158
2020-07-06,PFE,33.828,34.298,33.7,34.26,26279227
2020-07-06,MRNA,59.15,60.73,57.1,58.55,9977316
2020-07-06,BNTX,65.51,66.9,64.33,65.59,1649445
2020-07-02,AMZN,2890.3,2955.56,2871.1021,2912.01,6593387
2020-07-02,GOOGL,1469.93,1488.52,1451.065,1451.84,2860915
2020-07-02,FB,233.42,240.0,232.61,239.0,30633620
2020-07-02,PFE,33.828,34.159,33.368,33.936,43817365
2020-07-02,MRNA,58.57,61.8,55.8097,60.0,26544378
2020-07-02,BNTX,63.27,69.3899,62.73,68.245,3926512
2020-07-01,AMZN,2878.7,2895.0,2754.0,2757.99,6363439
2020-07-01,GOOGL,1442.0,1448.48,1414.18,1419.17,2109124
2020-07-01,FB,237.55,239.0,227.56,228.5,43399739
2020-07-01,PFE,33.073,33.858000000000004,33.054,33.858000000000004,71143031
2020-07-01,MRNA,61.59,63.73,59.12,63.0,17916470
2020-07-01,BNTX,64.14,79.38,62.3,77.7,9879256
2020-06-30,AMZN,2758.82,2769.63,2675.03,2685.065,3769686
2020-06-30,GOOGL,1418.05,1424.0,1386.9301,1396.88,2014320
2020-06-30,FB,227.07,227.5,218.47,220.59,33927068
2020-06-30,PFE,32.053000000000004,32.231,31.593000000000004,31.886999999999997,24634517
2020-06-30,MRNA,64.21,65.15899999999999,61.8,62.18,11955169
2020-06-30,BNTX,66.74,68.25,62.2197,66.16,1979059
2020-06-29,AMZN,2680.38,2696.8,2630.08,2690.01,4223422
2020-06-29,GOOGL,1397.17,1398.0,1351.65,1360.34,2253678
2020-06-29,FB,220.64,220.75,207.11,209.75,58514281
2020-06-29,PFE,31.995,32.025,31.563000000000002,31.819000000000003,23187119
2020-06-29,MRNA,62.08,63.0,59.4,61.82,8074205
2020-06-29,BNTX,65.8,71.38,64.12,65.68,4011359
2020-06-26,AMZN,2692.87,2782.5688,2688.0,2775.0559999999996,6500784
2020-06-26,GOOGL,1362.54,1437.02,1355.0,1432.63,4882014
2020-06-26,FB,216.08,233.09,215.4,232.64,76343939
2020-06-26,PFE,31.406999999999996,31.643,30.985,31.613000000000003,40800563
2020-06-26,MRNA,61.28,62.29,59.14,60.71,13866283
2020-06-26,BNTX,62.13,63.37,56.5,56.63,2830723
2020-06-25,AMZN,2754.58,2756.23,2712.14,2739.55,2968657
2020-06-25,GOOGL,1441.1,1442.32,1419.5401,1431.22,1197907
2020-06-25,FB,235.68,237.3,232.74,234.62,18704339
2020-06-25,PFE,31.680999999999997,31.741,31.201,31.475,26538290
2020-06-25,MRNA,62.0,67.0,58.51,67.0,26905664
2020-06-25,BNTX,59.71,59.92,53.5201,54.51,2406358
2020-06-24,AMZN,2734.4,2796.0,2721.0,2780.0,4526605
2020-06-24,GOOGL,1432.7,1475.79,1430.0,1463.28,1579579
2020-06-24,FB,234.02,243.22,232.68,241.2,20834904
2020-06-24,PFE,31.553,32.083,31.366999999999997,32.063,29828195
2020-06-24,MRNA,64.84,66.1559,63.14,63.23,14377115
2020-06-24,BNTX,54.73,55.35,51.8101,53.0,1344482
2020-06-23,AMZN,2764.41,2783.11,2718.04,2726.02,4231707
2020-06-23,GOOGL,1463.98,1475.2,1445.0,1452.0,1887583
2020-06-23,FB,242.24,245.1853,239.86,241.28,24017915
2020-06-23,PFE,32.123000000000005,32.593,32.093,32.544000000000004,36480271
2020-06-23,MRNA,62.94,65.08,62.74,64.1,12361339
2020-06-23,BNTX,52.75,56.0,51.52,55.62,2142192
2020-06-22,AMZN,2713.82,2715.0,2669.0,2684.5,3208780
2020-06-22,GOOGL,1450.66,1450.95,1419.19,1425.01,1472072
2020-06-22,FB,239.22,240.7,236.91,238.56,18917782
2020-06-22,PFE,32.455999999999996,32.701,32.259,32.671,22583376
2020-06-22,MRNA,64.75,66.29,62.12,65.92,13586383
2020-06-22,BNTX,57.45,58.9,51.85,51.95,2678243
2020-06-19,AMZN,2675.01,2697.43,2659.0,2678.08,5776963
2020-06-19,GOOGL,1424.64,1444.5,1419.0,1440.0,2639167
2020-06-19,FB,238.79,240.83,235.55,237.79,30081291
2020-06-19,PFE,32.76,33.073,32.46,33.024,42517177
2020-06-19,MRNA,66.35,66.45,64.01,64.99,16076734
2020-06-19,BNTX,51.36,51.58,49.91,50.9,735797
2020-06-18,AMZN,2653.98,2659.64,2636.11,2647.01,2487774
2020-06-18,GOOGL,1434.12,1452.9699,1426.235,1449.85,1743071
2020-06-18,FB,235.94,236.14,232.15,234.99,15782452
2020-06-18,PFE,32.583,32.809,32.329,32.613,31242482
2020-06-18,MRNA,64.95,65.4,62.58,63.03,10914379
2020-06-18,BNTX,50.94,51.59,49.83,49.86,691521
2020-06-17,AMZN,2640.98,2655.0,2631.82,2647.5,2959316
2020-06-17,GOOGL,1452.54,1462.2,1435.125,1452.94,1530500
2020-06-17,FB,235.53,237.59,231.7268,235.0,19578125
2020-06-17,PFE,32.897,33.098,32.657,32.926,26626517
2020-06-17,MRNA,63.31,65.88,62.58,63.6,13615975
2020-06-17,BNTX,50.85,51.5,49.5001,49.75,723069
2020-06-16,AMZN,2615.27,2620.0,2576.0,2620.0,3595649
2020-06-16,GOOGL,1446.47,1457.17,1428.99,1449.0,1534826
2020-06-16,FB,235.65,238.46,233.0,237.14,15236691
2020-06-16,PFE,32.74,33.289,32.073,32.926,53831248
2020-06-16,MRNA,64.34,66.6,62.6,66.31,16537847
2020-06-16,BNTX,49.9,51.5,49.09,51.0,901709
2020-06-15,AMZN,2572.68,2584.0,2508.0001,2526.6,3873335
2020-06-15,GOOGL,1420.74,1425.0,1387.1952,1389.49,1527652
2020-06-15,FB,232.5,233.77,224.8,225.09,15340264
2020-06-15,PFE,32.701,33.052,32.113,32.641999999999996,35083651
2020-06-15,MRNA,66.57,66.98,63.424,65.9,19339289
2020-06-15,BNTX,50.85,51.17,48.29,48.72,1091088
2020-06-12,AMZN,2545.02,2621.4766,2503.35,2601.21,5436127
2020-06-12,GOOGL,1412.92,1434.505,1385.8,1425.86,1833756
2020-06-12,FB,228.58,231.66,224.5,229.9,22091387
2020-06-12,PFE,33.083,33.431,32.391999999999996,33.406,36685523
2020-06-12,MRNA,62.0,63.63,60.29,62.355,14742913
2020-06-12,BNTX,48.58,49.44,47.01,49.37,859123
2020-06-11,AMZN,2557.96,2671.38,2536.23,2603.5,5800107
2020-06-11,GOOGL,1401.9,1451.6033,1398.41,1441.03,2357243
2020-06-11,FB,224.43,232.89,223.55,229.94,26708163
2020-06-11,PFE,32.641999999999996,34.975,32.623000000000005,34.896,61138487
2020-06-11,MRNA,60.2,66.6867,58.77,62.95,32085168
2020-06-11,BNTX,48.6,49.19,47.0701,49.0,1324844
2020-06-10,AMZN,2647.45,2722.35,2626.26,2645.0,4946031
2020-06-10,GOOGL,1464.7,1472.77,1454.355,1461.51,1588116
2020-06-10,FB,236.73,241.21,235.28,240.96,20720709
2020-06-10,PFE,35.21,35.73,35.181,35.641,28608158
2020-06-10,MRNA,60.07,60.72,58.6,58.8,11074361
2020-06-10,BNTX,47.41,47.998999999999995,46.55,47.8,913133
2020-06-09,AMZN,2600.86,2626.43,2525.0,2529.44,5175950
2020-06-09,GOOGL,1452.08,1467.8,1442.36,1445.24,1681155
2020-06-09,FB,238.67,239.77,230.41,231.52,27462872
2020-06-09,PFE,35.495,35.935,35.455,35.779,20979153
2020-06-09,MRNA,58.23,59.405,57.73,58.55,7600166
2020-06-09,BNTX,47.79,48.1,46.87,47.8,970354
2020-06-08,AMZN,2524.06,2530.0,2487.335,2500.2,3970654
2020-06-08,GOOGL,1448.04,1449.0,1424.48,1426.28,1693881
2020-06-08,FB,231.4,231.55,227.41,229.03,15466499
2020-06-08,PFE,35.867,35.876999999999995,34.975,35.092,29224689
2020-06-08,MRNA,59.1,59.38,56.72,58.3,11249314
2020-06-08,BNTX,48.78,49.24100000000001,47.42,49.22,1142624
2020-06-05,AMZN,2483.0,2488.645,2437.13,2444.51,3306445
2020-06-05,GOOGL,1440.02,1446.3,1407.6213,1415.64,2132350
2020-06-05,FB,230.77,231.35,225.3105,226.71,16750438
2020-06-05,PFE,35.279,35.769,35.171,35.524,35527166
2020-06-05,MRNA,58.19,59.19,56.63,58.49,14677935
2020-06-05,BNTX,49.18,50.23,48.5,49.8,769047
2020-06-04,AMZN,2460.6,2507.54,2450.01,2477.43,2948710
2020-06-04,GOOGL,1414.3,1441.32,1406.01,1436.78,1349105
2020-06-04,FB,226.29,231.63,224.61,229.56,17041481
2020-06-04,PFE,35.298,35.573,34.994,35.004,26146037
2020-06-04,MRNA,60.59,61.93,58.52,61.61,13503951
2020-06-04,BNTX,50.0,51.86,49.7,50.45,623630
2020-06-03,AMZN,2478.4,2488.0,2461.17,2468.01,2671024
2020-06-03,GOOGL,1439.25,1449.01,1431.62,1442.7,1386640
2020-06-03,FB,230.16,232.65,228.53,232.11,15380282
2020-06-03,PFE,35.445,35.691,34.838,35.573,37507779
2020-06-03,MRNA,59.89,63.37,57.1,57.51,20811530
2020-06-03,BNTX,51.16,52.23,49.54,51.85,1379875
2020-06-02,AMZN,2472.41,2473.53,2445.31,2467.0,2529903
2020-06-02,GOOGL,1442.31,1443.0,1421.61,1435.0,1172069
2020-06-02,FB,232.72,233.0,226.56,230.94,20919018
2020-06-02,PFE,35.445,35.445,34.554,34.828,41320143
2020-06-02,MRNA,59.87,59.95,55.3553,58.7,21701140
2020-06-02,BNTX,52.38,52.85,50.1,51.98,688618
2020-06-01,AMZN,2471.04,2476.93,2444.17,2448.0,2938032
2020-06-01,GOOGL,1434.87,1441.58,1422.28,1425.7,1259254
2020-06-01,FB,231.91,232.44,223.5,224.59,18223839
2020-06-01,PFE,34.76,35.024,34.22,34.798,74477566
2020-06-01,MRNA,62.18,63.9,60.51,62.76,21257477
2020-06-01,BNTX,52.3,53.21,49.54,50.0,1275816
